Thuật toán,Level,Thời gian (s),Bộ nhớ (MB)
BFS,1,3.138,68.551
BFS,1,3.241,68.551
BFS,1,3.345,68.562
BFS,1,3.449,68.562
BFS,1,3.553,68.562
BFS,1,3.657,68.562
BFS,1,3.761,68.562
BFS,1,3.865,68.562
BFS,1,3.968,68.566
BFS,2,46.956,132.414
BFS,2,47.059,132.414
BFS,2,47.162,132.414
BFS,2,47.265,132.414
BFS,2,47.368,132.414
BFS,2,47.472,132.414
Greedy,6,32.144,68.801
BFS,6,31.886,133.531
DFS,1,33.549,132.039
DFS,2,33.701,132.043
DFS,3,33.853,132.043
DFS,4,34.005,132.043
DFS,5,34.157,132.043
DFS,6,34.308,132.043
BFS,1,31.321,131.996
BFS,2,31.472,132.0
BFS,3,31.624,132.0
BFS,4,31.776,132.0
BFS,5,31.928,132.0
BFS,6,32.08,132.0
A*,1,31.052,68.543
A*,2,31.204,68.586
A*,3,31.356,68.586
A*,4,31.508,68.586
A*,5,31.662,68.586
A*,6,31.814,68.586
HillClimb,1,16.425,68.406
HillClimb,1,16.527,68.426
HillClimb,1,16.629,68.445
HillClimb,1,16.732,68.445
HillClimb,1,16.834,68.445
HillClimb,1,16.937,68.445
HillClimb,1,17.039,68.445
HillClimb,1,17.141,68.445
HillClimb,1,17.243,68.445
HillClimb,1,17.345,68.445
HillClimb,1,17.448,68.445
HillClimb,1,17.55,68.445
HillClimb,1,17.652,68.445
HillClimb,1,17.755,68.445
HillClimb,1,17.858,68.445
HillClimb,1,17.96,68.449
HillClimb,1,30.459,132.121
HillClimb,2,30.611,132.121
HillClimb,3,30.762,132.121
HillClimb,4,30.914,132.121
HillClimb,5,31.065,132.121
HillClimb,6,31.216,132.121
Backtrack,1,178.447,72.555
Backtrack,1,178.55,72.574
Backtrack,1,178.652,72.594
Backtrack,1,178.753,72.594
Backtrack,1,178.855,72.594
Backtrack,1,178.958,72.598
Greedy,1,30.943,70.594
Greedy,2,31.096,70.633
Greedy,3,31.247,70.633
Greedy,4,31.399,70.633
Greedy,5,31.55,70.633
Greedy,6,31.703,70.633
BeamSearch,1,1.928,132.445
BeamSearch,1,2.032,132.445
BeamSearch,1,2.136,132.453
BeamSearch,1,2.24,132.453
BeamSearch,1,2.344,132.453
BeamSearch,1,2.448,132.453
BeamSearch,1,2.552,132.453
BeamSearch,1,2.656,132.453
BeamSearch,1,3.387,132.484
BeamSearch,1,3.491,132.484
BeamSearch,1,3.594,132.484
BeamSearch,1,3.698,132.484
BeamSearch,1,3.802,132.484
BeamSearch,1,3.906,132.484
BeamSearch,1,4.01,132.484
BeamSearch,1,4.114,132.484
MuTP,1,8.823,68.695
MuTP,1,8.927,68.715
MuTP,1,9.031,68.734
MuTP,1,9.134,68.734
MuTP,1,9.239,68.734
MuTP,1,9.342,68.734
MuTP,1,9.446,68.734
MuTP,1,9.551,68.734
MuTP,1,9.655,68.734
MuTP,1,9.759,68.734
MuTP,1,9.862,68.734
MuTP,1,9.967,68.734
MuTP,1,10.071,68.734
MuTP,1,10.174,68.734
MuTP,1,10.279,68.734
MuTP,1,10.382,68.734
MuTP,1,10.487,68.734
MuTP,1,10.591,68.734
MuTP,1,10.694,68.734
MuTP,1,10.799,68.734
MuTP,1,10.902,68.734
MuTP,1,11.007,68.738
MuTP,1,10.769,132.426
MuTP,1,10.773,132.426
MuTP,1,10.877,132.441
MuTP,1,10.981,132.465
MuTP,1,11.085,132.465
MuTP,1,11.189,132.465
MuTP,1,11.293,132.465
MuTP,1,11.397,132.465
Backtrack,1,74.688,71.457
Backtrack,1,74.792,71.477
Backtrack,1,74.894,71.496
Backtrack,1,74.998,71.496
Backtrack,1,75.101,71.496
Backtrack,1,75.204,71.496
Backtrack,1,75.307,71.496
Backtrack,1,75.411,71.496
Backtrack,1,75.515,71.496
Backtrack,1,75.618,71.496
Backtrack,1,75.721,71.496
Backtrack,1,75.826,71.5
BFS,1,11.867,69.91
BFS,1,11.97,69.914
BFS,1,12.073,69.926
BFS,1,12.176,69.926
BFS,1,12.279,69.926
BFS,1,12.382,69.926
BFS,1,12.485,69.926
BFS,1,12.588,69.926
BFS,1,12.691,69.926
BFS,1,12.794,69.926
BFS,1,12.897,69.926
BFS,1,13.0,69.926
BFS,1,13.103,69.926
BFS,1,13.206,69.926
BFS,1,13.309,69.926
BFS,1,13.412,69.926
BFS,1,13.515,69.926
BFS,1,13.618,69.926
BFS,1,13.721,69.926
BFS,1,13.824,69.926
BFS,1,13.927,69.926
BFS,1,15.333,69.938
BFS,1,15.436,69.938
BFS,1,15.539,69.938
BFS,1,15.642,69.938
BFS,1,15.745,69.938
BFS,1,15.848,69.938
BFS,1,16.56,69.938
BFS,1,16.663,69.938
BFS,1,16.766,69.938
BFS,1,16.869,69.938
BFS,1,16.972,69.938
BFS,1,17.075,69.938
BFS,1,17.178,69.938
BFS,1,17.996,69.969
BFS,1,18.099,69.969
BFS,1,18.202,69.969
BFS,1,18.305,69.969
BFS,1,18.408,69.969
BFS,1,18.511,69.969
BFS,1,18.614,69.969
BFS,1,19.55,69.973
BFS,1,19.654,69.973
BFS,1,19.757,69.973
BFS,1,19.86,69.973
BFS,1,19.963,69.973
BFS,1,20.066,69.973
BFS,1,20.169,69.973
BFS,1,20.272,69.973
BFS,1,20.375,69.973
BFS,1,21.086,69.973
BFS,1,21.189,69.973
BFS,1,21.292,69.973
BFS,1,21.395,69.973
BFS,1,21.498,69.973
BFS,1,21.602,69.973
BFS,1,21.705,69.973
BFS,1,21.808,69.973
BFS,1,21.911,69.973
BFS,1,22.014,69.973
BFS,1,22.118,69.973
BFS,1,22.221,69.973
BFS,1,22.324,69.973
BFS,1,22.428,69.973
BFS,1,22.531,69.973
BFS,1,22.634,69.973
BFS,1,22.737,69.973
BFS,1,22.84,69.973
BFS,1,22.943,69.973
BFS,1,23.046,69.973
BFS,1,23.149,69.973
BFS,1,23.252,69.973
BFS,1,23.355,69.973
BFS,1,23.457,69.973
BFS,1,23.56,69.973
BFS,1,23.663,69.973
BFS,1,23.766,69.973
BFS,1,23.869,69.973
BFS,1,23.972,69.973
BFS,1,24.075,69.973
BFS,1,24.178,69.973
BFS,1,24.281,69.973
BFS,1,24.384,69.973
BFS,1,24.487,69.973
BFS,1,24.59,69.973
BFS,1,24.693,69.973
BFS,1,24.796,69.973
BFS,1,24.899,69.992
BFS,1,25.002,69.992
BFS,1,25.105,69.992
BFS,1,25.207,69.992
BFS,1,25.31,69.992
BFS,1,25.413,69.992
BFS,1,25.516,69.992
BFS,1,25.619,69.992
BFS,1,25.722,69.992
BFS,1,25.825,69.992
BFS,1,25.928,69.992
BFS,1,26.031,69.992
BFS,1,26.134,69.992
BFS,1,26.237,69.992
BFS,1,26.34,69.992
BFS,1,26.443,69.992
BFS,1,26.546,69.992
BFS,1,26.649,69.992
BFS,1,26.752,69.992
BFS,1,26.855,69.992
BFS,1,26.958,69.992
BFS,1,27.061,69.992
BFS,1,27.164,69.992
BFS,1,27.267,69.992
BFS,1,27.371,69.992
BFS,1,27.474,69.992
BFS,1,27.577,69.992
BFS,1,27.68,69.992
BFS,1,27.783,69.992
BFS,1,27.886,69.992
BFS,1,27.989,69.992
BFS,1,28.092,69.992
BFS,1,28.195,69.992
BFS,1,28.298,69.992
BFS,1,28.4,69.992
BFS,1,30.017,69.992
BFS,1,30.12,69.992
BFS,1,30.223,69.992
BFS,1,30.326,69.992
BFS,1,30.429,69.992
BFS,1,30.532,69.992
BFS,1,30.635,69.992
BFS,1,30.738,69.992
BFS,1,31.448,69.992
BFS,1,31.551,69.992
BFS,1,31.654,69.992
BFS,1,31.757,69.992
BFS,1,31.859,69.992
BFS,1,31.962,69.992
BFS,1,32.065,69.992
BFS,1,32.168,69.992
BFS,1,32.271,69.992
BFS,1,33.865,69.996
BFS,1,33.968,69.996
BFS,1,34.07,69.996
BFS,1,34.172,69.996
BFS,1,34.275,69.996
BFS,1,34.378,69.996
BFS,1,34.481,69.996
BFS,1,34.584,69.996
BFS,1,34.687,69.996
BFS,1,34.789,69.996
BFS,1,34.892,69.996
BFS,1,34.995,69.996
BFS,1,35.097,69.996
BFS,1,35.201,69.996
BFS,1,35.304,69.996
BFS,1,35.407,69.996
BFS,1,35.51,69.996
BFS,1,35.612,69.996
BFS,1,35.714,69.996
BFS,1,36.506,70.016
BFS,1,36.608,70.016
BFS,1,36.711,70.016
BFS,1,36.813,70.016
BFS,1,36.916,70.016
BFS,1,37.019,70.016
BFS,1,38.508,70.02
BFS,1,38.611,70.02
BFS,1,38.713,70.02
BFS,1,38.815,70.02
BFS,1,38.918,70.02
BFS,1,39.02,70.02
BFS,1,39.122,70.02
BFS,1,40.081,70.02
BFS,1,40.183,70.02
BFS,1,40.286,70.02
BFS,1,40.388,70.02
BFS,1,40.49,70.02
BFS,1,41.209,70.02
BFS,1,41.311,70.02
BFS,1,41.413,70.02
BFS,1,41.515,70.02
BFS,1,41.617,70.02
BFS,1,41.719,70.02
BFS,1,41.821,70.02
BFS,1,41.923,70.02
BFS,1,42.025,70.02
BFS,1,42.128,70.02
BFS,1,42.229,70.02
BFS,1,42.331,70.02
BFS,1,42.433,70.02
BFS,1,42.536,70.02
BFS,1,42.638,70.02
BFS,1,42.74,70.02
BFS,1,42.842,70.02
BFS,1,43.608,70.02
BFS,1,43.71,70.02
BFS,1,43.812,70.02
BFS,1,43.914,70.02
BFS,1,44.666,70.02
BFS,1,44.768,70.02
BFS,1,44.87,70.02
BFS,1,44.972,70.02
BFS,1,45.074,70.02
BFS,1,45.176,70.02
BFS,1,46.061,70.02
BFS,1,46.163,70.02
BFS,1,46.265,70.02
BFS,1,46.367,70.02
BFS,1,46.469,70.02
BFS,1,47.29,70.02
BFS,1,47.392,70.02
BFS,1,47.494,70.02
BFS,1,47.596,70.02
BFS,1,47.698,70.02
BFS,1,47.8,70.02
BFS,1,47.902,70.02
BFS,1,48.004,70.02
BFS,1,48.106,70.02
BFS,1,48.963,70.02
BFS,1,49.065,70.02
BFS,1,49.167,70.02
BFS,1,49.269,70.02
BFS,1,49.371,70.02
BFS,1,49.473,70.02
BFS,1,50.867,70.059
BFS,1,50.969,70.059
BFS,1,51.071,70.059
BFS,1,51.173,70.059
BFS,1,51.275,70.059
BFS,1,52.02,70.062
BFS,1,52.122,70.062
BFS,1,52.224,70.062
BFS,1,52.326,70.062
BFS,1,52.428,70.062
BFS,1,52.53,70.062
BFS,1,52.632,70.062
BFS,1,52.734,70.062
BFS,1,61.591,70.027
BFS,2,61.744,70.055
BFS,3,61.897,70.055
BFS,4,62.048,70.055
BFS,5,62.2,70.055
BFS,6,62.352,70.055
DFS,1,21.243,132.555
DFS,1,21.346,132.555
DFS,1,21.449,132.566
DFS,1,21.551,132.566
DFS,1,21.653,132.566
DFS,1,21.755,132.566
DFS,1,21.857,132.566
DFS,1,21.959,132.566
DFS,1,22.061,132.566
DFS,1,22.163,132.566
DFS,1,22.265,132.57
DFS,1,22.368,132.57
DFS,1,22.47,132.57
DFS,1,22.573,132.57
DFS,1,22.676,132.57
DFS,1,22.778,132.57
DFS,1,22.88,132.57
DFS,1,22.982,132.57
DFS,1,23.083,132.57
DFS,1,23.186,132.57
DFS,1,23.287,132.57
DFS,1,23.39,132.57
DFS,1,23.492,132.57
DFS,1,23.595,132.57
DFS,1,23.697,132.57
DFS,1,23.799,132.57
DFS,1,23.901,132.57
DFS,1,24.003,132.57
DFS,1,24.106,132.57
DFS,1,24.208,132.57
DFS,1,24.31,132.57
DFS,1,24.412,132.57
DFS,1,24.514,132.57
DFS,1,24.617,132.57
DFS,1,25.515,132.605
DFS,1,25.618,132.605
DFS,1,25.72,132.605
DFS,1,25.822,132.605
DFS,1,25.924,132.605
DFS,1,26.908,132.605
DFS,1,27.011,132.605
DFS,1,27.114,132.605
DFS,1,27.217,132.609
DFS,1,27.319,132.609
DFS,1,27.421,132.609
DFS,1,27.523,132.609
DFS,1,27.625,132.609
DFS,1,27.727,132.609
DFS,1,27.828,132.609
DFS,1,27.931,132.609
DFS,1,28.033,132.609
DFS,1,28.136,132.609
DFS,1,28.238,132.609
DFS,1,28.34,132.609
DFS,1,29.151,132.609
DFS,1,29.253,132.609
DFS,1,29.356,132.609
DFS,1,29.457,132.609
DFS,1,29.559,132.609
DFS,1,29.661,132.609
DFS,1,29.764,132.609
DFS,1,29.866,132.609
DFS,1,29.968,132.609
DFS,1,30.07,132.609
DFS,1,30.173,132.609
DFS,1,31.019,132.609
DFS,1,31.121,132.609
DFS,1,31.224,132.609
DFS,1,31.325,132.609
DFS,1,31.427,132.609
DFS,1,31.529,132.609
DFS,1,31.631,132.609
DFS,1,31.734,132.609
DFS,1,34.042,132.609
DFS,1,34.144,132.609
DFS,1,34.246,132.609
DFS,1,34.348,132.609
DFS,1,34.45,132.609
DFS,1,34.552,132.609
DFS,1,35.422,132.609
DFS,1,35.524,132.609
DFS,1,35.626,132.609
DFS,1,35.728,132.609
DFS,1,35.83,132.609
DFS,1,40.047,132.668
DFS,1,40.149,132.668
DFS,1,40.251,132.668
DFS,1,40.353,132.668
DFS,1,40.455,132.668
DFS,1,40.557,132.668
DFS,1,40.659,132.668
DFS,1,40.761,132.668
DFS,1,40.863,132.668
DFS,1,40.965,132.668
DFS,1,42.868,132.699
DFS,1,42.97,132.699
DFS,1,48.615,132.637
DFS,2,48.767,132.641
DFS,3,48.919,132.641
DFS,4,49.071,132.641
DFS,5,49.223,132.641
DFS,6,49.375,132.641
A*,1,32.199,68.965
A*,2,32.351,69.016
A*,3,32.503,69.016
A*,4,32.654,69.016
A*,5,32.806,69.016
A*,6,32.958,69.016
BFS,1,36.411,69.031
BFS,2,36.563,69.082
BFS,3,36.714,69.082
BFS,4,36.866,69.082
BFS,5,37.018,69.082
BFS,6,37.17,69.082
DFS,1,28.037,67.5
DFS,1,28.14,67.512
DFS,1,28.241,67.523
DFS,1,28.343,67.523
DFS,1,28.445,67.523
DFS,1,28.547,67.523
DFS,1,28.649,67.523
DFS,1,28.752,67.523
DFS,1,28.853,67.523
DFS,1,28.955,67.523
DFS,1,29.057,67.523
DFS,1,29.159,67.523
DFS,1,29.262,67.523
DFS,1,29.363,67.523
DFS,1,29.465,67.523
DFS,1,29.568,67.523
DFS,1,29.669,67.523
DFS,1,29.771,67.523
DFS,1,29.873,67.523
DFS,1,29.975,67.523
DFS,1,30.077,67.523
DFS,1,30.179,67.523
DFS,1,30.281,67.523
DFS,1,30.383,67.523
DFS,1,30.485,67.523
DFS,1,30.588,67.523
DFS,1,30.689,67.523
DFS,1,30.791,67.527
DFS,1,30.893,67.527
DFS,1,30.995,67.527
DFS,1,31.097,67.527
DFS,1,31.2,67.527
DFS,1,31.301,67.527
DFS,1,31.403,67.527
DFS,1,31.505,67.527
DFS,1,31.608,67.527
DFS,1,31.71,67.527
DFS,1,31.811,67.527
DFS,1,31.914,67.527
DFS,1,32.015,67.527
DFS,1,32.117,67.527
DFS,1,32.22,67.527
DFS,1,32.321,67.527
DFS,1,32.423,67.527
DFS,1,32.526,67.527
DFS,1,32.628,67.527
DFS,1,32.729,67.527
DFS,1,32.832,67.527
DFS,1,32.934,67.527
DFS,1,33.035,67.527
DFS,1,33.138,67.527
DFS,1,33.24,67.527
DFS,1,33.341,67.527
DFS,1,33.443,67.527
DFS,1,33.545,67.527
DFS,1,33.648,67.527
DFS,1,33.749,67.527
DFS,1,33.851,67.527
DFS,1,33.953,67.527
DFS,1,34.055,67.527
DFS,1,34.157,67.527
DFS,1,34.259,67.527
DFS,1,34.361,67.527
DFS,1,34.463,67.527
DFS,1,34.565,67.527
DFS,1,34.668,67.527
DFS,1,34.77,67.527
DFS,1,34.872,67.527
DFS,1,34.973,67.527
DFS,1,35.075,67.527
DFS,1,35.177,67.527
DFS,1,35.28,67.527
DFS,1,35.382,67.527
DFS,1,35.483,67.527
DFS,1,35.585,67.527
DFS,1,35.687,67.527
DFS,1,35.79,67.527
DFS,1,35.891,67.527
DFS,1,35.993,67.527
DFS,1,36.095,67.527
DFS,1,36.198,67.527
DFS,1,36.299,67.527
DFS,1,36.401,67.527
DFS,1,36.503,67.527
DFS,1,36.605,67.527
DFS,1,37.447,67.539
DFS,1,37.548,67.539
DFS,1,37.651,67.539
DFS,1,37.752,67.539
DFS,1,37.854,67.539
DFS,1,38.651,67.57
DFS,1,38.753,67.57
DFS,1,38.855,67.57
DFS,1,38.957,67.57
DFS,1,39.059,67.57
DFS,1,39.161,67.57
DFS,1,39.263,67.57
DFS,1,39.365,67.57
DFS,1,39.467,67.57
DFS,1,39.569,67.57
DFS,1,39.672,67.57
DFS,1,39.774,67.57
DFS,1,39.875,67.57
DFS,1,39.977,67.57
DFS,1,40.079,67.57
DFS,1,40.181,67.57
DFS,1,40.284,67.57
DFS,1,40.386,67.57
DFS,1,40.487,67.57
DFS,1,40.589,67.57
DFS,1,40.691,67.57
DFS,1,40.793,67.57
DFS,1,40.895,67.57
DFS,1,40.998,67.57
DFS,1,41.1,67.57
DFS,1,41.201,67.57
DFS,1,41.303,67.57
DFS,1,42.144,67.574
DFS,1,42.245,67.574
DFS,1,42.347,67.574
DFS,1,42.449,67.574
DFS,1,42.551,67.574
DFS,1,42.653,67.574
DFS,1,43.54,67.574
DFS,1,43.641,67.574
DFS,1,43.743,67.574
DFS,1,43.845,67.574
DFS,1,43.947,67.574
DFS,1,44.049,67.574
DFS,1,44.151,67.574
DFS,1,44.253,67.574
DFS,1,44.355,67.574
DFS,1,44.457,67.574
DFS,1,44.559,67.574
DFS,1,44.661,67.574
DFS,1,44.763,67.574
DFS,1,44.865,67.574
DFS,1,44.967,67.574
DFS,1,45.069,67.574
DFS,1,45.171,67.574
DFS,1,45.273,67.574
DFS,1,45.375,67.574
DFS,1,45.477,67.574
DFS,1,45.579,67.574
DFS,1,45.681,67.574
DFS,1,45.783,67.574
DFS,1,45.884,67.574
DFS,1,45.986,67.574
DFS,1,46.088,67.574
DFS,1,46.19,67.574
DFS,1,46.292,67.574
DFS,1,47.055,67.574
DFS,1,47.157,67.574
DFS,1,47.259,67.574
DFS,1,47.361,67.574
DFS,1,47.463,67.574
DFS,1,47.565,67.574
DFS,1,47.667,67.574
DFS,1,47.769,67.574
DFS,1,47.871,67.574
DFS,1,47.973,67.574
DFS,1,48.075,67.574
DFS,1,48.176,67.574
DFS,1,48.278,67.574
DFS,1,48.38,67.574
DFS,1,48.482,67.574
DFS,1,48.584,67.574
DFS,1,48.686,67.574
DFS,1,48.788,67.574
DFS,1,48.89,67.574
DFS,1,48.992,67.574
DFS,1,49.093,67.574
DFS,1,49.195,67.574
DFS,1,49.297,67.574
DFS,1,49.398,67.574
DFS,1,49.5,67.574
DFS,1,49.602,67.574
DFS,1,49.704,67.574
DFS,1,49.806,67.574
DFS,1,49.908,67.574
DFS,1,50.009,67.574
DFS,1,50.111,67.574
DFS,1,50.213,67.574
DFS,1,50.315,67.574
DFS,1,50.417,67.574
DFS,1,50.519,67.574
DFS,1,50.621,67.574
DFS,1,50.723,67.574
DFS,1,50.825,67.574
DFS,1,50.927,67.574
DFS,1,51.029,67.574
DFS,1,51.131,67.574
DFS,1,51.233,67.574
DFS,1,51.335,67.574
DFS,1,51.437,67.574
DFS,1,51.539,67.574
DFS,1,51.641,67.574
DFS,1,51.743,67.574
DFS,1,51.845,67.574
DFS,1,51.947,67.574
DFS,1,52.049,67.574
DFS,1,52.15,67.574
DFS,1,52.252,67.574
DFS,1,52.354,67.574
DFS,1,52.456,67.574
DFS,1,52.558,67.574
DFS,1,52.66,67.574
DFS,1,52.762,67.574
DFS,1,52.864,67.574
DFS,1,52.966,67.574
DFS,1,53.068,67.574
DFS,1,53.17,67.574
DFS,1,53.272,67.574
DFS,1,53.374,67.574
DFS,1,53.476,67.574
DFS,1,53.578,67.574
DFS,1,53.68,67.574
DFS,1,53.782,67.574
DFS,1,53.884,67.574
DFS,1,53.986,67.574
DFS,1,54.088,67.574
DFS,1,54.19,67.574
DFS,1,54.292,67.574
DFS,1,54.394,67.574
DFS,1,54.496,67.574
DFS,1,54.598,67.574
DFS,1,54.7,67.512
DFS,1,54.802,67.512
DFS,1,54.904,67.512
DFS,1,55.006,67.512
DFS,1,55.108,67.512
DFS,1,55.21,67.512
DFS,1,55.312,67.512
DFS,1,55.414,67.512
DFS,1,61.394,67.512
BFS,1,35.119,68.879
BFS,2,71.053,69.121
BFS,3,106.163,69.129
BFS,4,109.19,69.172
BFS,4,109.294,69.172
BFS,4,109.397,69.184
BFS,4,109.501,69.184
BFS,4,109.605,69.184
BFS,4,109.709,69.184
BFS,4,109.813,69.184
BFS,4,109.917,69.184
BFS,4,110.021,69.184
BFS,4,110.125,69.184
BFS,4,111.534,69.219
BFS,4,111.638,69.219
BFS,4,111.742,69.219
BFS,4,111.846,69.219
BFS,4,111.95,69.219
BFS,4,112.054,69.219
BFS,4,112.158,69.219
BFS,4,112.262,69.227
BFS,4,112.366,69.227
BFS,4,112.47,69.227
BFS,4,112.575,69.227
BFS,4,112.678,69.227
BFS,4,112.782,69.227
BFS,4,112.886,69.227
BFS,4,112.991,69.227
BFS,4,113.094,69.227
BFS,4,113.198,69.227
BFS,4,113.397,69.227
BFS,1,31.51,69.172
BFS,2,69.143,69.223
BFS,3,103.648,69.262
BFS,4,139.047,69.277
A*,1,21.599,68.793
A*,1,21.701,68.801
A*,1,21.803,68.812
A*,1,21.905,68.812
A*,1,22.007,68.812
A*,1,22.109,68.812
A*,1,22.822,68.848
A*,1,22.925,68.848
A*,1,23.027,68.848
A*,1,23.736,68.855
A*,1,23.839,68.855
A*,1,23.942,68.855
A*,1,24.044,68.855
A*,1,24.146,68.855
A*,1,24.248,68.855
A*,1,34.304,69.102
A*,2,67.311,69.129
A*,3,100.09,69.129
A*,4,132.904,69.137
A*,5,165.943,69.137
A*,6,198.936,69.137
Backtrack,1,527.796,72.273
BFS,1,36.65,69.246
BFS,2,68.756,69.207
BFS,3,78.727,69.258
BFS,3,78.831,69.258
BFS,3,78.934,69.27
BFS,3,79.038,69.27
BFS,3,79.142,69.27
BFS,3,79.245,69.27
BFS,3,79.348,69.27
BFS,3,79.452,69.27
BFS,3,79.555,69.27
BFS,3,79.658,69.27
BFS,3,79.761,69.27
BFS,3,79.864,69.27
BFS,3,79.967,69.27
BFS,3,80.07,69.27
BFS,3,80.174,69.273
BFS,3,80.278,69.273
BFS,3,80.381,69.273
BFS,3,80.484,69.273
BFS,3,80.588,69.273
BFS,3,80.691,69.273
BFS,3,80.795,69.273
BFS,3,80.898,69.273
BFS,3,81.001,69.273
BFS,3,81.104,69.273
BFS,3,81.207,69.273
BFS,3,81.311,69.273
BFS,3,81.414,69.273
BFS,3,81.517,69.273
BFS,3,81.621,69.273
BFS,3,81.725,69.273
BFS,3,81.829,69.273
BFS,3,81.933,69.273
BFS,3,82.036,69.273
BFS,3,82.139,69.273
BFS,3,82.242,69.273
BFS,3,82.345,69.273
BFS,3,82.449,69.273
BFS,3,82.553,69.273
BFS,3,82.656,69.273
BFS,3,82.76,69.273
BFS,3,82.863,69.273
BFS,3,82.967,69.273
BFS,3,83.07,69.273
BFS,3,83.173,69.273
BFS,3,83.277,69.273
BFS,3,83.381,69.273
BFS,3,83.485,69.273
BFS,3,83.588,69.273
BFS,3,83.692,69.273
BFS,3,83.796,69.273
BFS,3,83.899,69.273
BFS,3,84.002,69.273
BFS,3,84.105,69.273
BFS,3,84.208,69.273
BFS,3,84.311,69.273
BFS,3,84.414,69.273
BFS,3,84.517,69.273
BFS,3,84.62,69.273
BFS,3,84.725,69.273
BFS,3,84.828,69.273
BFS,3,84.932,69.273
BFS,3,85.035,69.273
BFS,3,85.139,69.273
BFS,3,85.242,69.273
BFS,3,85.345,69.273
BFS,3,85.448,69.273
BFS,3,85.551,69.273
BFS,3,85.654,69.273
BFS,3,85.757,69.273
BFS,3,85.86,69.273
BFS,3,85.963,69.273
BFS,3,86.066,69.273
BFS,3,86.169,69.273
BFS,3,86.272,69.273
BFS,3,86.375,69.273
BFS,3,86.478,69.273
BFS,3,86.581,69.273
BFS,3,86.684,69.273
BFS,3,86.787,69.273
BFS,3,86.89,69.273
BFS,3,86.993,69.273
BFS,3,87.096,69.273
BFS,3,87.199,69.273
BFS,3,87.302,69.273
BFS,3,87.405,69.273
BFS,3,87.508,69.273
BFS,3,87.611,69.273
BFS,3,87.714,69.273
BFS,3,87.817,69.273
BFS,3,87.92,69.273
BFS,3,88.023,69.273
BFS,3,88.126,69.273
BFS,3,88.23,69.273
BFS,3,88.335,69.273
BFS,3,88.438,69.273
BFS,3,88.542,69.273
BFS,3,88.646,69.273
BFS,3,88.749,69.273
BFS,3,88.852,69.273
BFS,3,88.955,69.273
BFS,3,89.058,69.273
BFS,3,89.161,69.273
BFS,3,89.265,69.273
BFS,3,89.369,69.273
BFS,3,89.472,69.273
BFS,3,89.576,69.273
BFS,3,89.679,69.273
BFS,3,89.782,69.273
BFS,3,89.885,69.273
BFS,3,89.988,69.273
BFS,3,90.091,69.273
BFS,3,90.195,69.273
BFS,3,90.299,69.273
BFS,3,90.402,69.273
BFS,3,90.505,69.273
BFS,3,90.608,69.273
BFS,3,90.711,69.273
BFS,3,90.814,69.273
BFS,3,90.917,69.273
BFS,3,91.02,69.273
BFS,3,91.123,69.273
BFS,3,91.226,69.273
BFS,3,91.329,69.273
BFS,3,91.432,69.273
BFS,3,91.535,69.273
BFS,3,91.639,69.273
BFS,3,91.742,69.273
BFS,3,91.845,69.273
BFS,3,91.948,69.273
BFS,3,92.051,69.273
BFS,3,92.154,69.273
BFS,3,92.258,69.273
BFS,3,92.361,69.273
BFS,3,92.465,69.273
BFS,3,92.568,69.273
BFS,3,92.671,69.273
BFS,3,92.774,69.273
BFS,3,92.877,69.273
BFS,3,92.98,69.273
BFS,3,93.083,69.273
BFS,3,93.186,69.273
BFS,3,93.289,69.273
BFS,3,93.392,69.273
BFS,3,93.495,69.273
BFS,3,93.598,69.273
BFS,3,93.702,69.273
BFS,3,93.805,69.273
BFS,3,93.908,69.273
BFS,3,94.011,69.273
BFS,3,94.114,69.273
BFS,3,94.217,69.273
BFS,3,94.32,69.273
BFS,3,94.423,69.273
BFS,3,94.526,69.273
BFS,3,94.629,69.273
BFS,3,94.732,69.273
BFS,3,94.835,69.273
BFS,3,94.938,69.273
BFS,3,95.041,69.273
BFS,3,95.144,69.273
BFS,3,95.247,69.273
BFS,3,95.35,69.273
BFS,3,95.453,69.273
BFS,3,95.556,69.273
BFS,3,95.66,69.273
BFS,3,95.764,69.273
BFS,3,95.867,69.273
BFS,3,95.97,69.273
BFS,3,96.073,69.273
BFS,3,96.176,69.273
BFS,3,96.279,69.273
BFS,3,96.382,69.273
BFS,3,96.486,69.273
BFS,3,96.59,69.273
BFS,3,96.695,69.273
BFS,3,96.8,69.273
BFS,3,96.904,69.273
BFS,3,97.008,69.273
BFS,3,97.111,69.273
BFS,3,97.214,69.273
BFS,3,97.317,69.273
BFS,3,97.42,69.273
BFS,3,97.523,69.273
BFS,3,97.626,69.273
BFS,3,97.73,69.273
BFS,3,97.833,69.273
BFS,3,97.937,69.273
BFS,3,98.04,69.273
BFS,3,98.143,69.273
BFS,3,98.247,69.273
BFS,3,98.351,69.273
BFS,3,98.455,69.273
BFS,3,98.558,69.273
BFS,3,98.661,69.273
BFS,3,98.764,69.273
BFS,3,98.868,69.273
BFS,3,98.972,69.273
BFS,3,99.076,69.273
BFS,3,99.18,69.273
BFS,3,99.283,69.273
BFS,3,99.386,69.273
BFS,3,99.489,69.273
BFS,3,99.592,69.273
BFS,3,99.695,69.273
BFS,3,99.798,69.273
BFS,3,99.903,69.273
BFS,3,100.006,69.273
BFS,3,100.11,69.273
BFS,3,100.213,69.273
BFS,3,100.316,69.273
BFS,3,100.42,69.273
BFS,3,100.523,69.273
BFS,3,100.626,69.273
BFS,3,100.729,69.273
BFS,3,100.832,69.273
BFS,3,100.936,69.273
BFS,3,101.039,69.273
BFS,3,101.142,69.273
BFS,3,101.245,69.273
BFS,3,101.348,69.273
BFS,3,101.451,69.273
BFS,3,101.554,69.273
BFS,3,101.657,69.273
BFS,3,101.761,69.273
BFS,3,101.865,69.273
BFS,3,101.968,69.254
BFS,3,102.071,69.254
BFS,3,102.174,69.254
BFS,3,102.278,69.254
BFS,3,102.381,69.254
BFS,3,102.484,69.254
BFS,3,102.588,69.254
BFS,3,102.691,69.254
BFS,3,102.795,69.254
BFS,3,102.898,69.254
BFS,3,103.001,69.254
BFS,3,103.104,69.254
BFS,3,103.207,69.254
BFS,3,103.31,69.254
BFS,3,103.413,69.254
BFS,3,103.516,69.254
BFS,3,103.619,69.254
BFS,3,103.722,69.254
BFS,3,103.825,69.254
BFS,3,103.928,69.254
BFS,3,104.031,69.254
BFS,3,104.134,69.254
BFS,3,104.237,69.254
BFS,3,104.34,69.254
BFS,3,104.444,69.254
BFS,3,104.548,69.254
BFS,3,104.651,69.254
BFS,3,104.754,69.254
BFS,3,104.859,69.254
BFS,3,104.962,69.254
BFS,3,105.066,69.254
BFS,3,105.169,69.254
BFS,3,105.272,69.254
BFS,3,105.375,69.254
BFS,3,105.478,69.254
BFS,3,105.581,69.254
BFS,3,105.684,69.254
BFS,3,105.787,69.254
BFS,3,105.89,69.254
BFS,3,105.993,69.254
BFS,3,106.096,69.254
BFS,3,106.201,69.254
BFS,3,106.304,69.254
BFS,3,106.407,69.254
BFS,3,106.511,69.254
BFS,3,106.614,69.254
BFS,3,106.717,69.254
BFS,3,106.82,69.254
BFS,3,106.923,69.254
BFS,3,107.027,69.254
BFS,3,107.131,69.254
BFS,3,107.235,69.254
BFS,3,107.339,69.254
BFS,3,107.442,69.254
BFS,3,107.545,69.254
BFS,3,107.648,69.254
BFS,3,107.751,69.254
BFS,3,107.854,69.254
BFS,3,107.958,69.254
BFS,3,108.061,69.254
BFS,3,108.164,69.254
BFS,3,108.269,69.254
BFS,3,108.372,69.254
BFS,3,108.475,69.254
BFS,3,108.579,69.254
BFS,3,108.682,69.254
BFS,3,108.785,69.254
BFS,3,108.888,69.254
BFS,3,108.992,69.254
BFS,3,109.097,69.254
BFS,3,109.2,69.254
BFS,3,109.303,69.254
BFS,3,109.406,69.254
BFS,3,109.509,69.254
BFS,3,109.612,69.254
BFS,3,109.715,69.254
BFS,3,109.819,69.254
BFS,3,109.922,69.254
BFS,3,110.026,69.254
BFS,3,110.13,69.254
BFS,3,110.234,69.254
BFS,3,110.337,69.254
BFS,3,110.44,69.254
BFS,3,110.543,69.254
BFS,3,110.646,69.254
BFS,3,110.749,69.254
BFS,3,110.852,69.254
BFS,3,110.955,69.254
BFS,3,111.059,69.254
BFS,3,111.162,69.254
BFS,3,111.266,69.254
BFS,3,111.369,69.254
BFS,3,111.472,69.254
BFS,3,111.576,69.254
BFS,3,111.679,69.254
BFS,3,111.782,69.254
BFS,3,111.885,69.254
BFS,3,111.988,69.254
BFS,3,112.092,69.254
BFS,3,112.195,69.254
BFS,3,112.298,69.254
BFS,3,112.402,69.254
BFS,3,112.506,69.254
BFS,3,112.609,69.254
BFS,3,112.713,69.254
BFS,3,112.816,69.254
BFS,3,112.919,69.254
BFS,3,113.022,69.254
BFS,3,113.125,69.254
BFS,3,113.229,69.254
BFS,3,113.332,69.254
BFS,3,113.436,69.254
BFS,3,113.539,69.254
BFS,3,113.643,69.254
BFS,3,113.747,69.254
BFS,3,113.85,69.254
BFS,3,113.953,69.254
BFS,3,114.057,69.254
BFS,3,114.16,69.254
BFS,3,114.263,69.254
BFS,3,114.366,69.254
BFS,3,114.47,69.254
BFS,3,114.573,69.254
BFS,3,114.678,69.254
BFS,3,114.781,69.254
BFS,3,114.884,69.254
BFS,3,114.987,69.254
BFS,3,115.09,69.254
BFS,3,115.193,69.254
BFS,3,115.297,69.254
BFS,3,115.401,69.254
BFS,3,115.504,69.254
BFS,3,115.607,69.254
BFS,3,115.711,69.254
BFS,3,115.814,69.254
BFS,3,115.918,69.254
BFS,3,116.021,69.254
BFS,3,116.124,69.254
BFS,3,116.227,69.254
BFS,3,116.33,69.254
BFS,3,116.434,69.254
BFS,3,116.537,69.254
BFS,3,116.64,69.254
BFS,3,116.744,69.254
BFS,3,116.847,69.254
BFS,3,116.95,69.254
BFS,3,117.054,69.254
BFS,3,117.157,69.254
BFS,3,117.26,69.254
BFS,3,117.363,69.254
BFS,3,117.467,69.254
BFS,3,117.571,69.254
BFS,3,117.674,69.254
BFS,3,117.777,69.254
BFS,3,117.88,69.254
BFS,3,117.983,69.254
BFS,3,118.086,69.254
BFS,3,118.189,69.254
BFS,3,118.293,69.254
BFS,3,118.397,69.254
BFS,3,118.501,69.254
BFS,3,118.604,69.254
BFS,3,118.707,69.254
BFS,3,118.81,69.254
BFS,3,118.913,69.254
BFS,3,119.017,69.254
BFS,3,119.121,69.254
BFS,3,119.226,69.254
BFS,3,119.329,69.254
BFS,3,119.432,69.254
BFS,3,119.536,69.254
BFS,3,119.64,69.254
BFS,3,119.743,69.254
BFS,3,119.846,69.254
BFS,3,119.949,69.254
BFS,3,120.053,69.254
BFS,3,120.156,69.254
BFS,3,120.259,69.254
BFS,3,120.363,69.254
BFS,3,120.467,69.254
BFS,3,120.57,69.254
BFS,3,120.673,69.254
BFS,3,120.776,69.254
BFS,3,120.879,69.254
BFS,3,120.984,69.254
BFS,3,121.087,69.254
BFS,3,121.192,69.254
BFS,3,121.296,69.254
BFS,3,121.399,69.254
BFS,3,121.502,69.254
BFS,3,121.605,69.254
BFS,3,121.709,69.254
BFS,3,121.812,69.254
BFS,3,121.915,69.254
BFS,3,122.018,69.254
BFS,3,122.122,69.254
BFS,3,122.225,69.254
BFS,3,122.329,69.254
BFS,3,122.432,69.254
BFS,3,122.535,69.254
BFS,3,122.638,69.254
BFS,3,122.741,69.254
BFS,3,122.845,69.254
BFS,3,122.948,69.254
BFS,3,123.051,69.254
BFS,3,123.154,69.254
BFS,3,123.258,69.254
BFS,3,123.363,69.254
BFS,3,123.466,69.254
BFS,3,123.569,69.254
BFS,3,123.672,69.254
BFS,3,123.775,69.254
BFS,3,123.878,69.254
BFS,3,123.981,69.254
BFS,3,124.085,69.254
BFS,3,124.188,69.254
BFS,3,124.291,69.254
BFS,3,124.394,69.254
BFS,3,124.497,69.254
BFS,3,124.601,69.254
BFS,3,124.705,69.254
BFS,3,124.808,69.254
BFS,3,124.911,69.254
BFS,3,125.014,69.254
BFS,3,125.117,69.254
BFS,3,125.221,69.254
BFS,3,125.324,69.254
BFS,3,125.428,69.254
BFS,3,125.531,69.254
BFS,3,125.634,69.254
BFS,3,125.737,69.254
BFS,3,125.841,69.254
BFS,3,125.945,69.254
BFS,3,126.048,69.254
BFS,3,126.152,69.254
BFS,3,126.255,69.254
BFS,3,126.359,69.254
BFS,3,126.462,69.254
BFS,3,126.566,69.254
BFS,3,126.669,69.254
BFS,3,126.772,69.254
BFS,3,126.875,69.254
BFS,3,126.978,69.254
BFS,3,127.081,69.254
BFS,3,127.184,69.254
BFS,3,127.288,69.254
BFS,3,127.392,69.254
BFS,3,127.495,69.254
BFS,3,127.598,69.254
BFS,3,127.701,69.254
BFS,3,127.805,69.254
BFS,3,127.908,69.254
BFS,3,128.012,69.254
BFS,3,128.115,69.254
BFS,3,128.218,69.254
BFS,3,128.321,69.254
BFS,3,128.424,69.254
BFS,3,128.529,69.254
BFS,3,128.632,69.254
BFS,3,128.735,69.254
BFS,3,128.838,69.254
BFS,3,128.941,69.254
BFS,3,129.044,69.254
BFS,3,129.147,69.254
BFS,3,129.25,69.254
BFS,3,129.353,69.254
BFS,3,129.456,69.254
BFS,3,129.559,69.254
BFS,3,129.663,69.254
BFS,3,129.766,69.254
BFS,3,129.869,69.254
BFS,3,129.973,69.254
BFS,3,130.078,69.254
BFS,3,130.181,69.254
BFS,3,130.284,69.254
BFS,3,130.387,69.254
BFS,3,130.491,69.254
BFS,3,130.595,69.254
BFS,3,130.698,69.254
BFS,3,130.802,69.254
BFS,3,130.906,69.254
BFS,3,131.009,69.254
BFS,3,131.113,69.254
BFS,3,131.217,69.254
BFS,3,131.322,69.254
BFS,3,131.425,69.254
BFS,3,131.529,69.254
BFS,3,131.632,69.254
BFS,3,131.736,69.254
BFS,3,131.839,69.254
BFS,3,131.942,69.254
BFS,3,132.046,69.254
BFS,3,132.149,69.254
BFS,3,132.252,69.254
BFS,3,132.355,69.254
BFS,3,132.459,69.254
BFS,3,132.563,69.254
BFS,3,132.666,69.254
BFS,3,132.769,69.254
BFS,3,132.872,69.254
BFS,3,132.975,69.254
BFS,3,133.078,69.254
BFS,3,133.181,69.254
BFS,3,133.284,69.254
BFS,3,133.387,69.254
BFS,3,133.49,69.254
BFS,3,133.593,69.254
BFS,3,133.698,69.254
BFS,3,133.801,69.254
BFS,3,133.905,69.254
BFS,3,134.008,69.254
BFS,3,134.111,69.254
BFS,3,134.215,69.254
BFS,3,134.318,69.254
BFS,3,134.421,69.254
BFS,3,134.524,69.254
BFS,3,134.628,69.254
BFS,3,134.731,69.254
BFS,3,134.839,69.254
BFS,3,134.943,69.254
BFS,3,135.047,69.254
BFS,3,135.151,69.254
BFS,3,135.254,69.254
BFS,3,135.357,69.254
BFS,3,135.46,69.254
BFS,3,135.564,69.254
BFS,3,135.667,69.254
BFS,3,135.77,69.254
BFS,3,135.873,69.254
BFS,3,135.976,69.254
BFS,3,136.079,69.254
BFS,3,136.182,69.254
BFS,3,136.285,69.254
BFS,3,136.388,69.254
BFS,3,136.491,69.258
Backtrack,1,766.263,76.496
Backtrack,1,68.779,79.148
Backtrack,2,114.378,85.504
Backtrack,3,168.262,95.23
Backtrack,4,231.485,104.906
Backtrack,5,303.0,113.07
Backtrack,6,385.599,121.566
BFS,1,34.691,68.988
BFS,1,34.196,68.973
BFS,2,69.253,69.023
BFS,3,102.903,69.031
BFS,4,137.516,69.086
BFS,5,171.934,69.086
ForwardChk,1,37.268,77.676
ForwardChk,2,83.115,88.211
ForwardChk,3,148.662,100.059
ForwardChk,4,215.829,109.852
ForwardChk,5,290.854,116.625
ForwardChk,6,374.173,127.367
BeamSearch,1,30.389,68.852
BeamSearch,2,62.455,68.82
BeamSearch,3,94.522,68.82
BeamSearch,4,126.744,68.859
BeamSearch,5,158.798,68.844
BeamSearch,6,190.846,68.855
Backtrack,1,88.134,78.09
Backtrack,2,131.295,84.191
Backtrack,3,184.133,95.246
Backtrack,4,435.194,103.891
Backtrack,1,497.17,81.152
Backtrack,2,546.837,92.086
Backtrack,3,606.184,101.07
Backtrack,4,712.523,112.738
Backtrack,5,792.395,125.867
Backtrack,6,881.128,133.746
Backtrack,1,31.251,76.484
Backtrack,2,63.835,83.023
Backtrack,3,96.344,96.379
Backtrack,4,128.824,106.234
Backtrack,5,162.448,111.656
Backtrack,6,194.896,119.723
